{
    "loss": 29.50935935974121,
    "accuracy": 0.4313725531101227
}