{
    "loss": 4.509206295013428,
    "accuracy": 0.5098039507865906
}